[{"url": "Q.html#method_clear", "access": "", "host": "Q", "type": "method", "name": "clear"}, {"url": "Q.Class.html#method_clone", "access": "", "host": "Q.Class", "type": "method", "name": "clone"}, {"url": "Q.Class.html#method_configure", "access": "", "host": "Q.Class", "type": "method", "name": "configure"}, {"url": "Q.Db.html#method_connect", "access": "", "host": "Q.Db", "type": "method", "name": "connect"}, {"url": "Q.Sql.html#method_dataHandler", "access": "", "host": "Q.Sql", "type": "method", "name": "dataHandler"}, {"url": "Q.Ajax.html#method_dataHandler", "access": "", "host": "Q.Ajax", "type": "method", "name": "dataHandler"}, {"url": "Q.html#property_doc", "access": "", "host": "Q", "type": "property", "name": "doc"}, {"url": "Q.Sql.html#method_errorHandler", "access": "", "host": "Q.Sql", "type": "method", "name": "errorHandler"}, {"url": "Q.html#method_event", "access": "", "host": "Q", "type": "method", "name": "event"}, {"url": "Q.Class.html#method_execute", "access": "", "host": "Q.Class", "type": "method", "name": "execute"}, {"url": "Q.Sql.html#method_execute", "access": "", "host": "Q.Sql", "type": "method", "name": "execute"}, {"url": "Q.Js.html#method_execute", "access": "", "host": "Q.Js", "type": "method", "name": "execute"}, {"url": "Q.Storage.html#method_execute", "access": "", "host": "Q.Storage", "type": "method", "name": "execute"}, {"url": "Q.Ajax.html#method_execute", "access": "", "host": "Q.Ajax", "type": "method", "name": "execute"}, {"url": "Q.Dom.html#method_execute", "access": "", "host": "Q.Dom", "type": "method", "name": "execute"}, {"url": "Q.Test.html#method_execute", "access": "", "host": "Q.Test", "type": "method", "name": "execute"}, {"url": "Q.Class.html#method_fire", "access": "", "host": "Q.Class", "type": "method", "name": "fire"}, {"url": "Q.html#method_getRequests", "access": "", "host": "Q", "type": "method", "name": "getRequests"}, {"url": "Q.html#method_getRunning", "access": "", "host": "Q", "type": "method", "name": "getRunning"}, {"url": "Q.html#method_length", "access": "", "host": "Q", "type": "method", "name": "length"}, {"url": "Q.html#method_mixin", "access": "", "host": "Q", "type": "method", "name": "mixin"}, {"url": "Q.Class.html#method_multiton", "access": "", "host": "Q.Class", "type": "method", "name": "multiton"}, {"url": "Q.Class.html#property_name", "access": "protected", "host": "Q.Class", "type": "property", "name": "name"}, {"url": "Q.html#method_push", "access": "", "host": "Q", "type": "method", "name": "push"}, {"url": "Q.Class.html#method_request", "access": "", "host": "Q.Class", "type": "method", "name": "request"}, {"url": "Q.Class.html#event_request", "access": "", "host": "Q.Class", "type": "event", "name": "request"}, {"url": "Q.html#property_requests", "access": "", "host": "Q", "type": "property", "name": "requests"}, {"url": "Q.Dom.Script.html#method_scriptHandler", "access": "", "host": "Q.Dom.Script", "type": "method", "name": "scriptHandler"}, {"url": "Q.html#method_setDOMloaded", "access": "", "host": "Q", "type": "method", "name": "setDOMloaded"}, {"url": "Q.html#method_setRunning", "access": "", "host": "Q", "type": "method", "name": "setRunning"}, {"url": "Q.html#method_shift", "access": "", "host": "Q", "type": "method", "name": "shift"}, {"url": "Q.Class.html#method_singleton", "access": "", "host": "Q.Class", "type": "method", "name": "singleton"}, {"url": "Q.html#method_start", "access": "", "host": "Q", "type": "method", "name": "start"}, {"url": "Q.Class.html#method_start", "access": "", "host": "Q.Class", "type": "method", "name": "start"}, {"url": "Q.html#method_stop", "access": "", "host": "Q", "type": "method", "name": "stop"}, {"url": "Q.Class.html#method_subClass", "access": "", "host": "Q.Class", "type": "method", "name": "subClass"}, {"url": "Q.html#property_win", "access": "", "host": "Q", "type": "property", "name": "win"}]